id,width,height,alpha_min,alpha_max,visible_pixels,edge_visible_pixels
PT_coin,128,128,0,255,4533,0
PT_confetti,64,64,0,255,1701,0
PT_dust,128,128,0,191,7085,0
PT_note,128,128,0,255,6638,0
PT_ring,128,128,0,255,3616,0
PT_soft,128,128,0,248,10840,0
PT_spark,128,128,0,255,3800,0
PT_streak,128,128,0,232,1904,0
UI_achievement,256,256,0,255,19535,0
UI_bonus,256,256,0,255,13406,0
UI_button_shape,256,256,0,255,65503,994
UI_cash,256,256,0,255,26339,0
UI_claim,256,256,0,255,27154,0
UI_collection,256,256,0,255,31188,0
UI_crown,256,256,0,255,14556,0
UI_daily,256,256,0,255,27804,0
UI_distance,256,256,0,255,8591,0
UI_distance_on_color,256,256,0,255,8591,0
UI_double_cash,256,256,0,255,29928,0
UI_endless,256,256,0,255,10677,0
UI_endless_on_color,256,256,0,255,10677,0
UI_haptics,256,256,0,255,19953,0
UI_haptics_on_color,256,256,0,255,19953,0
UI_home,256,256,0,255,19862,0
UI_home_on_color,256,256,0,255,19862,0
UI_info,256,256,0,255,12584,0
UI_info_on_color,256,256,0,255,12584,0
UI_investment,256,256,0,255,17636,0
UI_investment_on_color,256,256,0,255,17636,0
UI_jackpot,256,256,0,255,17541,0
UI_key,256,256,0,255,12524,0
UI_language,256,256,0,255,15659,0
UI_language_on_color,256,256,0,255,15659,0
UI_level,256,256,0,255,17401,0
UI_level_on_color,256,256,0,255,17401,0
UI_lock,256,256,0,255,22651,0
UI_luck,256,256,0,255,25447,0
UI_magnet,256,256,0,255,19977,0
UI_missions,256,256,0,255,28041,0
UI_missions_on_color,256,256,0,255,28041,0
UI_music,256,256,0,255,13216,0
UI_music_on_color,256,256,0,255,13216,0
UI_panel,256,256,0,255,65503,994
UI_pill_shape,128,128,0,255,13085,96
UI_play,256,256,0,255,12373,0
UI_play_on_color,256,256,0,255,12373,0
UI_police,256,256,0,255,19269,0
UI_profile,256,256,0,255,17848,0
UI_profile_on_color,256,256,0,255,17848,0
UI_rank_00,256,256,0,255,33342,0
UI_rank_01,256,256,0,255,33342,0
UI_rank_02,256,256,0,255,33342,0
UI_rank_03,256,256,0,255,33342,0
UI_rank_04,256,256,0,255,33342,0
UI_rank_05,256,256,0,255,33342,0
UI_rank_06,256,256,0,255,33342,0
UI_rank_07,256,256,0,255,33342,0
UI_rank_08,256,256,0,255,33342,0
UI_rank_09,256,256,0,255,33342,0
UI_rank_10,256,256,0,255,34342,0
UI_rank_11,256,256,0,255,34342,0
UI_resume,256,256,0,255,12373,0
UI_resume_on_color,256,256,0,255,12373,0
UI_retry,256,256,0,255,11229,0
UI_retry_on_color,256,256,0,255,11229,0
UI_rewarded,256,256,0,255,29327,0
UI_rewarded_on_color,256,256,0,255,29327,0
UI_risk,256,256,0,255,10824,0
UI_risk_chain,256,256,0,255,12106,0
UI_safe,256,256,0,255,24238,0
UI_shop,256,256,0,255,24517,0
UI_shop_on_color,256,256,0,255,24517,0
UI_slow_motion,256,256,0,255,21564,0
UI_sound,256,256,0,255,13593,0
UI_sound_on_color,256,256,0,255,13593,0
UI_tax,256,256,0,255,20556,0
UI_thief,256,256,0,255,16309,0
UI_trophy,256,256,0,255,19535,0
UI_warning,256,256,0,255,20241,0
UI_worlds,256,256,0,255,15659,0
UI_worlds_on_color,256,256,0,255,15659,0
UI_xp,256,256,0,255,11657,0
